Name,ID,Timestamp
dp_07,07,22:33:47
dp_07,07,22:33:48
dp_07,07,22:33:49
dp_07,07,22:33:50
dp_07,07,22:33:51
dp_07,07,22:33:52
dp_07,07,22:33:53
dp_07,07,22:33:54
dp_07,07,22:33:55
dp_07,07,22:33:56
dp_07,07,22:33:57
dp_07,07,22:33:58
dp_07,07,22:33:59
dp_07,07,22:34:00
Dev _327,327,22:34:01
Dev _327,327,22:34:02
dp_07,07,22:34:03
Dev _327,327,22:34:04
dp_07,07,22:34:05
Dev _327,327,22:34:05
Dev _327,327,22:34:06
dp_07,07,22:34:07
Dev _327,327,22:34:07
Dev _327,327,22:34:08
dp_07,07,22:34:08
Dev _327,327,22:34:09
dp_07,07,22:34:09
dp_07,07,22:34:10
dp_07,07,22:34:11
dp_07,07,22:34:12
dp_07,07,22:34:13
dp_07,07,22:34:14
dp_07,07,22:34:15
Aka_123,123,22:34:19
Aka_123,123,22:34:20
Aka_123,123,22:34:23
dp_07,07,22:34:25
dp_07,07,22:34:26
dp_07,07,22:34:27
dp_07,07,22:34:28
dp_07,07,22:34:29
dp_07,07,22:34:30
dp_07,07,22:34:31
